Epoch,epoch_time,gpu_time
0,39.88749122,39.885375
1,39.44568537,39.44520703
2,39.4796082,39.479125
3,39.30206508,39.30157813
4,39.31583825,39.31552734
5,39.19789053,39.19758594
6,39.17130495,39.17088281
7,39.21695638,39.21651172
8,39.47667397,39.47620313
9,39.20053949,39.20008203
