Gpus,training_time
"One", 698.7531265405318
"Two", 392.61474091564736
"Four", 201.18712002582228
"Eight", 103.64560170091379
