Epoch,epoch_time,gpu_time
0,39.82186198234558,39818.76171875
1,39.37553423270583,39375.10546875
2,39.355623038485646,39355.15234375
3,39.45312152057886,39452.66796875
4,39.075591212138534,39075.140625
5,39.0331251360476,39032.671875
6,39.23815437592566,39237.69921875
7,39.273896461352706,39273.4375
8,39.21157416887581,39211.10546875
9,39.170188028365374,39169.7265625
