Epoch,epoch_time,gpu_time
0,39.83094733580947,39830.25
1,39.37446781434119,39374.140625
2,39.34872678108513,39348.37109375
3,39.46728250011802,39466.9296875
4,39.056153528392315,39055.80859375
5,39.05033187940717,39049.984375
6,39.24397458508611,39243.60546875
7,39.24667973816395,39246.32421875
8,39.21177452802658,39211.41015625
9,39.15866465866566,39158.30078125
